company,date_posted,location,source,title,url
Hunter Bond,,"London Area, United Kingdom",LinkedIn,Python Software Engineer : Hedge Fund/Trading Fintech : London : £200k,https://uk.linkedin.com/jobs/view/python-software-engineer-hedge-fund-trading-fintech-london-%C2%A3200k-at-hunter-bond-4238638581?position=1&pageNum=0&refId=9NIBpzwq5oM7bIuoc9BJIA%3D%3D&trackingId=2YJuc3Y2UVl4I1N%2Fiukvww%3D%3D
Durlston Partners,,"London Area, United Kingdom",LinkedIn,Junior Python Data Developer,https://uk.linkedin.com/jobs/view/junior-python-data-developer-at-durlston-partners-4240066536?position=2&pageNum=0&refId=9NIBpzwq5oM7bIuoc9BJIA%3D%3D&trackingId=qEmBTpD7z4JTY0yltfK9bw%3D%3D
Jobs via eFinancialCareers,,"London, England, United Kingdom",LinkedIn,Python Developer,https://uk.linkedin.com/jobs/view/python-developer-at-jobs-via-efinancialcareers-4243858663?position=3&pageNum=0&refId=9NIBpzwq5oM7bIuoc9BJIA%3D%3D&trackingId=UCNc8oVcFYSFladG3bxl%2Fw%3D%3D
*** *******,,"******, *******, ****** *******",LinkedIn,********* ******* ********,https://uk.linkedin.com/jobs/view/midweight-backend-engineer-at-two-circles-4243876191?position=4&pageNum=0&refId=9NIBpzwq5oM7bIuoc9BJIA%3D%3D&trackingId=lJafI9%2Bz4sB2qEtwFICRSg%3D%3D
******* *****,,"****** ****, ****** *******",LinkedIn,****** ****** *********,https://uk.linkedin.com/jobs/view/senior-python-developer-at-explore-group-4240090173?position=5&pageNum=0&refId=9NIBpzwq5oM7bIuoc9BJIA%3D%3D&trackingId=TNyOWcM0vP%2B38BhKbbEW%2BQ%3D%3D
*******,,"******, *******, ****** *******",LinkedIn,****** ******* ******** (**** *********** *** ********** ** *** ** *******),https://uk.linkedin.com/jobs/view/senior-backend-engineer-visa-sponsorship-and-relocation-to-the-uk-offered-at-moonpay-4244500252?position=6&pageNum=0&refId=9NIBpzwq5oM7bIuoc9BJIA%3D%3D&trackingId=HfPDJheJPVhf0n0NhOtseA%3D%3D
*** ***********,,"****** ****, ****** *******",LinkedIn,**** ***** ****** / ********** ********* - ****** - £***,https://uk.linkedin.com/jobs/view/full-stack-python-javascript-developer-london-%C2%A360k-at-dgh-recruitment-4241674081?position=7&pageNum=0&refId=9NIBpzwq5oM7bIuoc9BJIA%3D%3D&trackingId=abDxIC%2Bp%2FwSparFWVGDljA%3D%3D
illuminate tech,2 hours ago,"London Area, United Kingdom",LinkedIn,Full-Stack Software Developer,https://uk.linkedin.com/jobs/view/full-stack-software-developer-at-illuminate-tech-4244505828?position=1&pageNum=2&refId=bwmFSqvIu6T%2F8IIVjLFAjQ%3D%3D&trackingId=qLhl%2BLINy7Itc9k%2B78C%2BNg%3D%3D
G.Digital,23 hours ago,"London Area, United Kingdom",LinkedIn,Full Stack Engineer,https://uk.linkedin.com/jobs/view/full-stack-engineer-at-g-digital-4243867069?position=2&pageNum=2&refId=bwmFSqvIu6T%2F8IIVjLFAjQ%3D%3D&trackingId=%2FfABHUHKLiWUpYHZ3qiE%2FA%3D%3D
Emma - we are hiring!,3 hours ago,"London, England, United Kingdom",LinkedIn,Full Stack Engineer,https://uk.linkedin.com/jobs/view/full-stack-engineer-at-emma-we-are-hiring%21-4240894354?position=3&pageNum=2&refId=bwmFSqvIu6T%2F8IIVjLFAjQ%3D%3D&trackingId=D1D0jnToG9tY75MGGVPJZw%3D%3D
